{
  "luis_schema_version": "4.0.0",
  "versionId": "0.1",
  "name": "DevDaysBot",
  "desc": "",
  "culture": "en-us",
  "tokenizerVersion": "1.0.0",
  "intents": [
    {
      "name": "CallInSickToday"
    },
    {
      "name": "GetLeaveBalance"
    },
    {
      "name": "None"
    }
  ],
  "entities": [
    {
      "name": "searchTerm",
      "roles": []
    }
  ],
  "composites": [],
  "closedLists": [],
  "patternAnyEntities": [],
  "regex_entities": [],
  "prebuiltEntities": [],
  "model_features": [],
  "regex_features": [],
  "patterns": [],
  "utterances": [
    {
      "text": "can i go on holiday?",
      "intent": "GetLeaveBalance",
      "entities": []
    },
    {
      "text": "can i go on vacation",
      "intent": "GetLeaveBalance",
      "entities": []
    },
    {
      "text": "can i still get a day off?",
      "intent": "GetLeaveBalance",
      "entities": []
    },
    {
      "text": "can i still get the day off?",
      "intent": "GetLeaveBalance",
      "entities": []
    },
    {
      "text": "days off",
      "intent": "GetLeaveBalance",
      "entities": []
    },
    {
      "text": "how many days do i have off?",
      "intent": "GetLeaveBalance",
      "entities": []
    },
    {
      "text": "how many leave hours do i have left?",
      "intent": "GetLeaveBalance",
      "entities": []
    },
    {
      "text": "how many off days do i still have?",
      "intent": "GetLeaveBalance",
      "entities": []
    },
    {
      "text": "how much leave do i have?",
      "intent": "GetLeaveBalance",
      "entities": []
    },
    {
      "text": "i am feeling sick",
      "intent": "CallInSickToday",
      "entities": []
    },
    {
      "text": "i am ill",
      "intent": "CallInSickToday",
      "entities": []
    },
    {
      "text": "i can't come to work",
      "intent": "CallInSickToday",
      "entities": []
    },
    {
      "text": "i want to go on vacation, can i?",
      "intent": "GetLeaveBalance",
      "entities": []
    },
    {
      "text": "i wont come to work",
      "intent": "CallInSickToday",
      "entities": []
    },
    {
      "text": "i won't make it to the office",
      "intent": "CallInSickToday",
      "entities": []
    },
    {
      "text": "i'll feeling ill",
      "intent": "CallInSickToday",
      "entities": []
    },
    {
      "text": "im not coming to office",
      "intent": "CallInSickToday",
      "entities": []
    },
    {
      "text": "i'm sick",
      "intent": "CallInSickToday",
      "entities": []
    },
    {
      "text": "im too sick to work",
      "intent": "CallInSickToday",
      "entities": []
    },
    {
      "text": "leave balance",
      "intent": "GetLeaveBalance",
      "entities": []
    },
    {
      "text": "leave balance?",
      "intent": "GetLeaveBalance",
      "entities": []
    },
    {
      "text": "nothing to do with this",
      "intent": "None",
      "entities": []
    },
    {
      "text": "peanuts",
      "intent": "None",
      "entities": []
    },
    {
      "text": "some nonesense",
      "intent": "None",
      "entities": []
    },
    {
      "text": "this has very little to do with the application",
      "intent": "None",
      "entities": []
    },
    {
      "text": "what's my leave balance?",
      "intent": "GetLeaveBalance",
      "entities": []
    }
  ],
  "settings": []
}